Date,Close/Last,Volume,Open,High,Low
04/05/2024,$22.18,43034,$21.93,$22.23,$21.93
04/04/2024,$22.00,32263,$22.49,$22.49,$22.00
04/03/2024,$22.20,38122,$22.33,$22.33,$22.10
04/02/2024,$22.81,41890,$23.30,$23.70,$22.80
04/01/2024,$23.42,41495,$23.95,$23.95,$23.34
03/28/2024,$23.12,37955,$23.39,$23.39,$23.12
03/27/2024,$23.40,22146,$23.39,$23.40,$23.18
03/26/2024,$23.36,60687,$23.68,$23.68,$23.36
03/25/2024,$23.06,176171,$23.29,$23.30,$22.702
03/22/2024,$24.85,33679,$25.00,$25.00,$24.80
03/21/2024,$24.585,27424,$24.69,$24.70,$24.54
03/20/2024,$24.33,77990,$23.88,$24.83,$23.88
03/19/2024,$24.135,29447,$23.29,$24.62,$23.28
03/18/2024,$24.24,49942,$24.66,$24.66,$24.23
03/15/2024,$24.23,33681,$24.34,$24.50,$24.23
03/14/2024,$24.38,20007,$25.24,$25.24,$24.29
03/13/2024,$25.02,43464,$25.00,$25.35,$25.00
03/12/2024,$24.53,208352,$24.64,$24.64,$24.30
03/11/2024,$24.02,57528,$24.65,$24.665,$23.91
03/08/2024,$24.33,73711,$24.60,$24.60,$24.20
03/07/2024,$24.43,49768,$24.535,$24.54,$24.35
03/06/2024,$24.49,66283,$24.23,$25.37,$24.23
03/05/2024,$24.4298,124608,$25.56,$25.56,$24.35
03/04/2024,$24.63,83441,$25.86,$25.86,$24.61
03/01/2024,$23.42,90774,$23.485,$23.50,$23.01
02/29/2024,$22.12,60131,$22.03,$22.64,$21.94
02/28/2024,$21.92,36619,$22.89,$22.89,$21.87
02/27/2024,$22.81,31453,$22.84,$23.01,$22.76
02/26/2024,$22.75,73681,$22.60,$23.32,$22.60
02/23/2024,$22.00,65403,$21.2001,$22.06,$21.2001
02/22/2024,$22.06,333922,$22.49,$22.50,$22.00
02/21/2024,$21.83,35023,$22.155,$22.155,$21.72
02/20/2024,$21.04,26573,$21.17,$21.17,$20.85
02/16/2024,$21.38,68643,$21.505,$21.505,$21.37
02/15/2024,$21.36,78307,$21.415,$21.50,$21.277
02/14/2024,$21.08,64119,$20.85,$21.08,$20.65
02/13/2024,$20.705,55904,$20.68,$21.04,$20.67
02/12/2024,$21.26,36925,$21.17,$21.338,$21.13
02/09/2024,$20.92,70463,$20.92,$20.96,$20.676
02/08/2024,$20.83,22733,$20.886,$20.92,$20.78
02/07/2024,$20.84,80845,$21.30,$21.30,$20.78
02/06/2024,$21.83,78336,$21.60,$21.85,$21.48
02/05/2024,$20.26,42779,$19.79,$20.332,$19.79
02/02/2024,$20.33,61056,$20.58,$20.58,$20.12
02/01/2024,$21.03,47450,$21.30,$21.30,$20.85
01/31/2024,$20.94,88874,$21.01,$21.108,$20.81
01/30/2024,$21.89,34498,$21.781,$21.90,$21.75
01/29/2024,$22.42,94624,$23.00,$23.00,$22.145
01/26/2024,$23.88,74559,$24.00,$24.00,$23.80
01/25/2024,$26.108,24076,$26.32,$26.415,$26.02
01/24/2024,$26.1183,57840,$26.01,$26.29,$26.01
01/23/2024,$25.90,103002,$25.59,$25.93,$25.59
01/22/2024,$25.33,67216,$25.42,$25.42,$25.27
01/19/2024,$25.42,91573,$24.854,$25.48,$24.83
01/18/2024,$24.876,66080,$24.98,$25.01,$24.754
01/17/2024,$24.395,98002,$24.41,$24.46,$24.12
01/16/2024,$25.25,42021,$25.20,$25.48,$25.18
01/12/2024,$27.0365,21076,$27.01,$27.1891,$27.01
01/11/2024,$26.93,20872,$26.59,$27.00,$26.59
01/10/2024,$26.59,28433,$26.46,$26.64,$26.02
01/09/2024,$26.99,19726,$27.38,$27.38,$26.90
01/08/2024,$26.27,27720,$25.91,$26.30,$25.91
01/05/2024,$26.24,37622,$26.82,$26.82,$25.3001
01/04/2024,$27.24,30138,$27.11,$27.35,$27.11
01/03/2024,$26.95,56812,$26.83,$27.06,$26.83
01/02/2024,$27.89,16403,$27.20,$28.00,$27.20
12/29/2023,$27.97,34292,$28.79,$28.79,$27.82
12/28/2023,$27.94,27517,$27.76,$27.99,$27.76
12/27/2023,$27.39,35069,$26.90,$27.39,$26.79
12/26/2023,$26.59,44109,$25.86,$26.59,$25.86
12/22/2023,$26.48,53440,$26.40,$26.48,$26.35
12/21/2023,$26.65,103105,$26.63,$26.75,$26.55
12/20/2023,$26.18,33422,$26.92,$26.92,$26.10
12/19/2023,$26.46,18609,$26.00,$26.87,$26.00
12/18/2023,$26.12,11900,$26.00,$26.12,$25.95
12/15/2023,$25.994,38823,$26.9699,$26.9699,$25.994
12/14/2023,$26.78,56414,$26.06,$26.78,$26.06
12/13/2023,$25.58,19206,$25.38,$25.58,$25.29
12/12/2023,$25.02,24560,$24.15,$25.27,$24.15
12/11/2023,$25.35,30130,$24.70,$25.36,$24.70
12/08/2023,$24.364,19656,$24.44,$24.46,$24.27
12/07/2023,$24.49,23157,$25.26,$25.26,$24.14
12/06/2023,$24.74,66697,$24.75,$24.9839,$24.73
12/05/2023,$22.82,123135,$23.20,$23.20,$22.44
12/04/2023,$25.15,42173,$24.48,$25.27,$24.48
12/01/2023,$24.482,19171,$24.31,$24.51,$24.26
11/30/2023,$24.66,18042,$24.41,$24.66,$24.38
11/29/2023,$24.44,15169,$24.54,$24.54,$24.41
11/28/2023,$25.007,18893,$25.007,$25.007,$25.007
11/27/2023,$24.7995,32410,$24.45,$24.86,$24.45
11/24/2023,$24.50,20916,$25.23,$25.23,$24.218
11/22/2023,$24.37,34982,$24.645,$24.74,$24.256
11/21/2023,$24.252,18411,$24.90,$24.90,$24.12
11/20/2023,$25.35,27786,$25.10,$25.49,$25.10
11/17/2023,$24.744,26692,$24.835,$24.86,$24.695
11/16/2023,$24.15,23432,$24.45,$24.76,$24.15
11/15/2023,$25.06,19232,$25.00,$25.25,$24.96
11/14/2023,$24.64,29595,$24.42,$24.74,$24.42
11/13/2023,$24.27,17050,$23.80,$24.4191,$23.80
11/10/2023,$23.325,8691,$23.13,$23.325,$23.13
11/09/2023,$23.1384,34139,$22.47,$23.38,$22.47
11/08/2023,$23.51,19094,$23.69,$23.69,$23.5046
11/07/2023,$24.42,18607,$24.26,$24.60,$24.26
11/06/2023,$24.60,25003,$24.62,$24.68,$24.58
11/03/2023,$24.42,28601,$24.37,$24.61,$24.35
11/02/2023,$24.015,18209,$23.47,$24.08,$23.3001
11/01/2023,$22.88,45580,$22.85,$22.92,$22.76
10/31/2023,$23.20,27000,$23.08,$23.27,$23.06
10/30/2023,$24.50,46673,$24.37,$24.70,$24.37
10/27/2023,$23.1989,14889,$22.93,$23.47,$22.93
10/26/2023,$23.16,51974,$23.00,$23.25,$23.00
10/25/2023,$22.91,61135,$22.33,$22.945,$22.33
10/24/2023,$22.00,41825,$21.48,$22.10,$21.48
10/23/2023,$20.99,10813,$20.73,$21.05,$20.73
10/20/2023,$20.85,22328,$20.49,$20.99,$20.49
10/19/2023,$20.90,14268,$21.095,$21.095,$20.90
10/18/2023,$19.545,26495,$19.99,$19.99,$19.52
10/17/2023,$22.04,13596,$21.95,$22.08,$21.95
10/16/2023,$21.56,32274,$21.45,$21.60,$21.16
10/13/2023,$22.05,27513,$21.92,$22.09,$21.92
10/12/2023,$22.185,16882,$22.17,$22.49,$22.15
10/11/2023,$22.042,39919,$21.45,$22.19,$21.45
10/10/2023,$22.05,54864,$22.067,$22.62,$21.87
10/09/2023,$21.17,17512,$21.04,$21.22,$21.0035
10/06/2023,$21.00,20751,$20.8787,$21.05,$20.8787
10/05/2023,$20.40,22152,$20.331,$20.5267,$20.29
10/04/2023,$20.32,14196,$20.33,$20.34,$20.29
10/03/2023,$20.115,16767,$20.15,$20.15,$20.051
10/02/2023,$20.22,30694,$20.948,$20.948,$20.19
09/29/2023,$20.47,29366,$20.575,$20.5937,$20.35
09/28/2023,$20.08,35441,$19.912,$20.20,$19.912
09/27/2023,$19.80,104084,$20.21,$20.21,$19.77
09/26/2023,$19.85,169227,$19.70,$19.92,$19.70
09/25/2023,$20.18,28659,$20.112,$20.18,$20.10
09/22/2023,$20.81,57927,$21.165,$21.165,$20.75
09/21/2023,$20.085,18117,$20.084,$20.11,$20.03
09/20/2023,$20.24,11857,$20.355,$20.3635,$20.212
09/19/2023,$20.35,19225,$19.95,$20.37,$19.95
09/18/2023,$20.365,39899,$19.88,$20.44,$19.88
09/15/2023,$20.67,24885,$20.68,$20.755,$20.645
09/14/2023,$20.88,7130,$21.62,$21.62,$20.71
09/13/2023,$20.62,14532,$20.72,$20.72,$20.62
09/12/2023,$20.95,22954,$21.61,$21.61,$20.88
09/11/2023,$20.87,18971,$20.82,$20.91,$20.82
09/08/2023,$20.998,27106,$21.65,$21.65,$20.955
09/07/2023,$21.00,24430,$21.76,$21.76,$20.95
09/06/2023,$21.85,15769,$21.86,$21.93,$21.85
09/05/2023,$22.62,83117,$22.64,$22.67,$22.57
09/01/2023,$22.92,82712,$22.03,$23.11,$22.03
08/31/2023,$22.5725,21015,$22.33,$22.85,$22.33
08/30/2023,$21.96,56236,$21.5001,$22.08,$21.5001
08/29/2023,$21.37,45800,$21.24,$21.39,$21.24
08/28/2023,$21.2425,17034,$21.23,$21.285,$21.19
08/25/2023,$20.54,12805,$20.495,$20.62,$20.39
08/24/2023,$20.59,22718,$21.36,$21.36,$20.5755
08/23/2023,$19.81,21094,$19.73,$19.83,$19.69
08/22/2023,$19.32,32070,$19.37,$19.46,$19.30
08/21/2023,$18.984,25930,$18.85,$19.00,$18.85
08/18/2023,$18.43,23540,$18.40,$18.46,$18.39
08/17/2023,$19.442,35797,$19.57,$20.23,$18.90
08/16/2023,$19.948,25253,$19.96,$20.05,$19.93
08/15/2023,$19.69,24818,$20.10,$20.10,$19.60
08/14/2023,$19.82,35774,$19.80,$19.86,$19.72
08/11/2023,$20.26,25468,$20.66,$20.66,$20.19
08/10/2023,$20.94,14285,$21.50,$21.50,$20.94
08/09/2023,$21.63,29126,$21.855,$22.02,$21.545
08/08/2023,$21.66,28256,$21.00,$21.68,$21.00
08/07/2023,$22.32,48455,$22.20,$22.49,$22.20
08/04/2023,$22.295,29453,$22.27,$22.47,$22.25
08/03/2023,$22.195,22090,$22.16,$22.25,$22.11
08/02/2023,$21.81,19475,$21.94,$21.97,$21.795
08/01/2023,$22.39,88267,$22.20,$22.43,$22.20
07/31/2023,$22.86,34726,$22.50,$23.00,$22.50
07/28/2023,$22.55,55104,$22.48,$22.705,$22.48
07/27/2023,$20.84,28199,$21.25,$21.25,$20.84
07/26/2023,$20.90,18691,$20.14,$21.12,$20.14
07/25/2023,$22.085,58435,$21.38,$22.11,$21.38
07/24/2023,$21.869,29598,$21.57,$21.96,$21.57
07/21/2023,$22.06,20855,$22.235,$22.235,$21.991
07/20/2023,$21.715,12531,$21.28,$21.76,$21.28
07/19/2023,$22.12,16315,$22.02,$22.23,$22.02
07/18/2023,$21.99,159455,$21.97,$21.99,$21.93
07/17/2023,$21.65,14088,$21.54,$21.78,$21.54
07/14/2023,$21.735,132059,$21.44,$21.92,$21.44
07/13/2023,$21.79,55808,$21.54,$21.79,$21.47
07/12/2023,$21.38,111105,$21.44,$21.465,$21.37
07/11/2023,$20.68,37390,$20.48,$20.72,$20.48
07/10/2023,$21.71,15572,$21.29,$21.75,$21.29
07/07/2023,$21.64,47989,$21.54,$21.77,$21.52
07/06/2023,$21.435,71082,$21.45,$21.49,$21.39
07/05/2023,$21.95,29304,$21.54,$22.02,$21.54
07/03/2023,$21.36,11732,$21.06,$21.64,$21.06
06/30/2023,$21.015,106802,$21.02,$21.04,$20.97
06/29/2023,$21.32,19410,$21.32,$21.34,$21.315
06/28/2023,$21.34,13074,$21.448,$21.50,$21.31
06/27/2023,$21.18,173204,$21.10,$21.18,$20.95
06/26/2023,$20.92,808136,$20.464,$20.94,$20.464
06/23/2023,$20.448,13051,$20.435,$20.46,$20.42
06/22/2023,$20.665,9705,$20.66,$20.72,$20.60
06/21/2023,$20.64,15058,$20.76,$20.76,$20.45
06/20/2023,$20.75,8236,$20.94,$20.94,$20.70
06/16/2023,$21.73,16318,$21.82,$21.85,$21.73
06/15/2023,$21.42,50949,$21.29,$21.45,$21.29
06/14/2023,$20.95,140098,$20.80,$21.09,$20.78
06/13/2023,$20.75,47256,$20.34,$20.77,$20.29
06/12/2023,$19.62,21619,$19.61,$19.62,$19.55
06/09/2023,$19.408,25464,$19.47,$19.475,$19.40
06/08/2023,$19.236,26899,$19.205,$19.27,$19.205
06/07/2023,$19.16,29849,$19.84,$19.84,$19.15
06/06/2023,$19.00,32846,$18.88,$19.00,$18.40
06/05/2023,$19.23,38877,$19.17,$19.235,$19.17
06/02/2023,$19.38,78298,$19.27,$19.41,$19.27
06/01/2023,$19.31,220596,$19.04,$19.38,$19.04
05/31/2023,$19.03,174669,$18.75,$19.04,$18.75
05/30/2023,$18.80,18151,$18.79,$19.04,$18.67
05/26/2023,$18.29,56458,$18.11,$18.3025,$18.10
05/25/2023,$18.05,38457,$18.25,$18.25,$17.98
05/24/2023,$18.30,65829,$18.59,$18.59,$18.29
05/23/2023,$19.78,33541,$19.73,$19.93,$19.73
05/22/2023,$20.278,32002,$20.06,$20.35,$20.06
05/19/2023,$19.93,16605,$20.20,$20.20,$19.90
05/18/2023,$20.09,34422,$20.01,$20.09,$20.00
05/17/2023,$19.52,24495,$19.50,$19.5425,$19.48
05/16/2023,$19.66,56827,$19.58,$19.73,$19.58
05/15/2023,$19.90,59685,$19.61,$19.90,$19.61
05/12/2023,$19.17,27966,$19.56,$19.56,$19.11
05/11/2023,$19.61,26525,$19.56,$19.61,$19.515
05/10/2023,$19.80,34394,$19.75,$19.80,$19.72
05/09/2023,$19.98,22475,$19.85,$19.98,$19.85
05/08/2023,$20.15,39196,$19.78,$20.16,$19.78
05/05/2023,$20.4075,21756,$20.285,$20.47,$20.26
05/04/2023,$21.0699,11615,$20.95,$21.0699,$20.912
05/03/2023,$20.95,29720,$20.98,$21.00,$20.93
05/02/2023,$20.58,22347,$20.55,$20.73,$20.55
05/01/2023,$20.48,12778,$20.55,$20.55,$20.40
04/28/2023,$20.34,19434,$19.95,$20.46,$19.95
04/27/2023,$20.44,16921,$20.25,$20.45,$20.218
04/26/2023,$20.11,17492,$20.21,$20.26,$20.11
04/25/2023,$20.232,35640,$20.52,$20.52,$20.12
04/24/2023,$21.14,18341,$21.22,$21.22,$21.11
04/21/2023,$21.68,9822,$21.61,$21.70,$21.61
04/20/2023,$22.18,24936,$22.19,$22.34,$22.14
04/19/2023,$21.95,11381,$21.79,$21.99,$21.79
04/18/2023,$21.90,9515,$21.98,$22.07,$21.88
04/17/2023,$22.27,16766,$22.20,$22.31,$22.17
04/14/2023,$21.08,18493,$21.00,$21.09,$20.91
04/13/2023,$21.28,14587,$21.225,$21.28,$21.20
04/12/2023,$21.39,17093,$21.45,$21.52,$21.345
04/11/2023,$21.07,53143,$21.01,$21.19,$21.01
04/10/2023,$21.59,15403,$21.39,$21.62,$21.39
04/06/2023,$21.735,12928,$21.53,$21.7499,$21.52
04/05/2023,$21.50,18698,$21.495,$21.545,$21.42
04/04/2023,$21.71,237591,$21.65,$21.71,$21.65
04/03/2023,$21.53,76719,$21.56,$21.56,$21.49
03/31/2023,$21.46,51030,$21.54,$21.61,$21.46
03/30/2023,$21.22,157999,$21.38,$21.45,$21.22
03/29/2023,$21.87,26312,$21.50,$21.9299,$21.50
03/28/2023,$21.8875,24146,$21.37,$21.98,$21.37
03/27/2023,$22.10,25616,$22.09,$22.15,$21.99
03/24/2023,$22.12,68478,$21.57,$22.20,$21.55
03/23/2023,$20.60,92480,$20.40,$20.81,$20.40
03/22/2023,$18.56,20575,$18.60,$18.74,$18.56
03/21/2023,$18.5675,10444,$18.565,$18.62,$18.46
03/20/2023,$18.58,32484,$18.54,$18.65,$18.49
03/17/2023,$18.83,32722,$18.54,$19.29,$18.54
03/16/2023,$18.45,50817,$18.00,$18.45,$17.87
03/15/2023,$18.33,51171,$18.36,$18.38,$18.20
03/14/2023,$18.81,37544,$18.75,$18.9099,$18.65
03/13/2023,$18.89,277248,$18.85,$19.00,$18.85
03/10/2023,$18.58,241580,$19.30,$19.30,$18.31
03/09/2023,$18.35,42554,$18.38,$18.60,$18.34
03/08/2023,$18.56,18008,$18.98,$18.98,$18.52
03/07/2023,$18.84,22841,$19.20,$19.20,$18.81
03/06/2023,$19.08,91438,$19.18,$19.23,$19.05
03/03/2023,$18.49,28013,$18.51,$18.64,$18.48
03/02/2023,$18.59,26401,$18.50,$18.59,$18.41
03/01/2023,$18.60,34278,$18.41,$18.72,$18.41
02/28/2023,$18.08,21446,$17.82,$18.18,$17.82
02/27/2023,$18.23,17598,$18.10,$18.23,$18.10
02/24/2023,$17.80,29212,$17.75,$17.99,$17.75
02/23/2023,$18.35,36585,$18.36,$18.50,$18.32
02/22/2023,$17.55,22432,$17.403,$17.61,$17.403
02/21/2023,$17.74,24981,$17.65,$17.75,$17.62
02/17/2023,$17.21,27187,$17.27,$17.28,$17.147
02/16/2023,$17.80,42516,$17.42,$17.86,$17.42
02/15/2023,$16.90,44369,$16.50,$16.91,$16.50
02/14/2023,$16.97,59417,$16.49,$17.015,$16.49
02/13/2023,$16.92,24356,$16.58,$16.98,$16.58
02/10/2023,$16.7487,64516,$16.51,$16.86,$16.51
02/09/2023,$17.26,46374,$17.14,$17.33,$17.14
02/08/2023,$16.6025,21665,$16.68,$16.70,$16.59
02/07/2023,$16.17,32436,$16.12,$16.25,$16.09
02/06/2023,$16.125,20901,$16.18,$16.18,$16.04
02/03/2023,$16.26,26296,$16.26,$16.32,$16.12
02/02/2023,$16.14,35033,$16.33,$16.33,$16.11
02/01/2023,$16.215,30755,$15.89,$16.30,$15.89
01/31/2023,$16.03,34342,$15.82,$16.09,$15.82
01/30/2023,$15.80,18707,$15.88,$15.96,$15.80
01/27/2023,$16.05,18916,$16.10,$16.15,$16.01
01/26/2023,$16.43,10227,$16.32,$16.43,$16.32
01/25/2023,$16.06,26757,$16.39,$16.39,$15.9635
01/24/2023,$16.03,70618,$16.20,$16.30,$16.01
01/23/2023,$16.20,39876,$15.924,$16.25,$15.865
01/20/2023,$15.97,24233,$16.06,$16.06,$15.68
01/19/2023,$15.56,42167,$15.29,$15.68,$15.29
01/18/2023,$15.45,21310,$15.50,$15.70,$15.35
01/17/2023,$15.55,51234,$15.64,$15.67,$15.52
01/13/2023,$16.20,68921,$16.25,$16.26,$16.11
01/12/2023,$16.51,139381,$16.84,$16.84,$16.51
01/11/2023,$16.55,32072,$16.60,$16.60,$16.18
01/10/2023,$16.65,57971,$16.60,$16.86,$16.56
01/09/2023,$16.60,76042,$16.665,$16.68,$16.54
01/06/2023,$16.6582,37172,$16.39,$16.66,$16.36
01/05/2023,$16.43,123401,$16.25,$16.53,$16.25
01/04/2023,$17.04,131134,$16.54,$17.09,$16.54
01/03/2023,$16.57,62413,$16.60,$16.65,$16.535
12/30/2022,$16.19,62916,$16.96,$16.96,$16.18
12/29/2022,$16.45,45166,$16.0001,$16.5399,$16.00
12/28/2022,$16.67,34714,$16.87,$16.95,$16.67
12/27/2022,$16.855,83516,$16.00,$17.09,$16.00
12/23/2022,$16.17,20998,$15.8001,$16.20,$15.8001
12/22/2022,$16.22,87364,$15.9801,$16.36,$15.9801
12/21/2022,$16.21,83676,$15.85,$16.2499,$15.85
12/20/2022,$15.89,112535,$16.10,$16.10,$15.85
12/19/2022,$16.20,64265,$16.21,$16.32,$16.12
12/16/2022,$16.50,37039,$16.51,$16.68,$16.49
12/15/2022,$16.45,26065,$16.68,$16.68,$16.32
12/14/2022,$16.49,62811,$16.33,$16.55,$15.76
12/13/2022,$16.01,117825,$16.26,$16.30,$16.00
12/12/2022,$16.08,519430,$16.24,$16.24,$15.99
12/09/2022,$15.86,460117,$15.75,$16.02,$15.72
12/08/2022,$15.62,66279,$15.4101,$15.76,$15.4101
12/07/2022,$15.66,60967,$15.80,$15.91,$15.66
12/06/2022,$16.10,37011,$15.93,$16.24,$15.93
12/05/2022,$15.99,32064,$16.30,$16.30,$15.99
12/02/2022,$16.42,50116,$16.29,$16.46,$16.00
12/01/2022,$16.403,78193,$16.403,$16.403,$16.403
11/30/2022,$17.00,28297,$16.88,$17.215,$16.88
11/29/2022,$16.60,43550,$16.57,$16.79,$16.57
11/28/2022,$16.23,51340,$16.12,$16.29,$16.0101
11/25/2022,$16.30,25454,$16.185,$16.32,$16.1675
11/23/2022,$16.4101,22675,$16.33,$16.53,$16.33
11/22/2022,$16.41,25483,$16.35,$16.475,$16.35
11/21/2022,$16.3301,41734,$16.10,$16.44,$16.10
11/18/2022,$16.58,22728,$16.61,$16.70,$16.56
11/17/2022,$17.15,41543,$16.70,$17.15,$16.64
11/16/2022,$16.93,30683,$17.07,$17.40,$16.92
11/15/2022,$17.2275,50686,$17.00,$17.46,$17.00
11/14/2022,$17.17,57249,$17.075,$17.1799,$17.05
11/11/2022,$17.30,27279,$17.115,$17.30,$17.08
11/10/2022,$17.27,67905,$16.38,$17.28,$16.38
11/09/2022,$16.06,66069,$16.14,$16.24,$16.0101
11/08/2022,$16.47,63997,$15.9901,$16.47,$15.9901
11/07/2022,$16.31,77309,$16.28,$16.31,$16.16
11/04/2022,$15.98,92912,$15.79,$16.02,$15.62
11/03/2022,$15.335,52126,$15.20,$15.50,$15.07
11/02/2022,$14.91,78409,$15.245,$15.35,$14.86
11/01/2022,$15.99,66000,$16.13,$16.33,$15.98
10/31/2022,$16.04,89097,$15.90,$16.165,$15.90
10/28/2022,$15.665,126371,$15.52,$15.75,$15.45
10/27/2022,$15.70,47785,$15.67,$15.88,$15.64
10/26/2022,$15.34,50098,$15.0101,$15.42,$15.0101
10/25/2022,$15.0175,110656,$14.703,$15.08,$14.70
10/24/2022,$14.15,85767,$14.21,$14.25,$14.00
10/21/2022,$14.95,63956,$14.3601,$14.97,$14.3601
10/20/2022,$14.55,114112,$14.61,$14.74,$14.55
10/19/2022,$14.14,57943,$14.257,$14.38,$14.13
10/18/2022,$14.24,108563,$14.45,$14.45,$14.13
10/17/2022,$14.49,198760,$14.33,$14.58,$14.33
10/14/2022,$14.02,33474,$13.7501,$14.73,$13.7501
10/13/2022,$13.905,74293,$13.83,$14.00,$13.51
10/12/2022,$13.945,60160,$14.09,$14.09,$13.92
10/11/2022,$13.85,90793,$13.855,$13.88,$13.73
10/10/2022,$13.73,114233,$13.82,$13.82,$13.63
10/07/2022,$13.86,51941,$13.5501,$14.02,$13.5501
10/06/2022,$14.46,77101,$14.385,$14.55,$14.29
10/05/2022,$14.51,139391,$14.453,$14.64,$14.39
10/04/2022,$14.30,119627,$14.17,$14.38,$14.17
10/03/2022,$13.83,156736,$13.64,$13.88,$13.56
09/30/2022,$13.80,88288,$13.84,$13.99,$13.79
09/29/2022,$13.64,70055,$13.55,$14.00,$13.54
09/28/2022,$14.92,66231,$15.16,$15.16,$14.74
09/27/2022,$14.67,105012,$15.00,$15.00,$14.63
09/26/2022,$14.88,191357,$14.8001,$15.005,$14.8001
09/23/2022,$14.83,76133,$15.10,$15.10,$14.6801
09/22/2022,$15.07,52344,$15.34,$15.34,$14.8901
09/21/2022,$15.63,44396,$15.65,$15.65,$15.41
09/20/2022,$15.68,89887,$15.18,$15.74,$15.18
09/19/2022,$15.74,57198,$15.1801,$15.74,$15.1801
09/16/2022,$15.53,48462,$15.50,$15.59,$15.43
09/15/2022,$15.56,160484,$15.555,$15.72,$15.45
09/14/2022,$15.67,43748,$15.1301,$15.74,$15.1301
09/13/2022,$15.73,64360,$15.95,$16.059,$15.685
09/12/2022,$15.625,41088,$15.57,$15.70,$15.38
09/09/2022,$15.53,23573,$15.47,$15.56,$15.41
09/08/2022,$15.41,61472,$14.84,$15.43,$14.84
09/07/2022,$15.45,71453,$15.48,$15.62,$15.45
09/06/2022,$15.69,79916,$15.62,$15.74,$15.60
09/02/2022,$15.876,190171,$16.47,$16.47,$15.78
09/01/2022,$16.39,37409,$16.51,$16.51,$16.275
08/31/2022,$16.46,82773,$17.04,$17.04,$16.40
08/30/2022,$16.13,47821,$16.50,$16.72,$16.125
08/29/2022,$16.627,60240,$16.95,$16.95,$16.6201
08/26/2022,$17.32,92413,$17.54,$17.62,$17.32
08/25/2022,$17.37,39273,$17.20,$17.45,$17.20
08/24/2022,$17.06,33805,$16.99,$17.26,$16.78
08/23/2022,$17.56,83214,$18.19,$18.19,$17.4945
08/22/2022,$17.68,42128,$17.70,$17.80,$17.62
08/19/2022,$18.01,35489,$18.14,$18.186,$17.97
08/18/2022,$17.77,81097,$17.80,$17.844,$17.73
08/17/2022,$17.30,85605,$17.39,$17.60,$17.25
08/16/2022,$17.84,47521,$17.65,$17.89,$17.65
08/15/2022,$17.93,42570,$17.6801,$18.00,$17.6801
08/12/2022,$18.195,74109,$18.30,$18.30,$17.98
08/11/2022,$18.10,18481,$18.00,$18.29,$18.00
08/10/2022,$17.63,56094,$17.84,$17.85,$17.58
08/09/2022,$17.84,22981,$17.925,$17.925,$17.80
08/08/2022,$18.00,70218,$18.13,$18.1499,$17.97
08/05/2022,$18.10,22616,$18.14,$18.142,$18.04
08/04/2022,$17.71,63511,$17.6325,$17.81,$17.6325
08/03/2022,$17.70,66638,$17.73,$17.80,$17.47
08/02/2022,$17.98,183515,$17.75,$18.16,$17.75
08/01/2022,$17.97,63223,$18.00,$18.11,$17.88
07/29/2022,$19.338,46881,$19.338,$19.338,$19.338
07/28/2022,$19.40,38037,$19.70,$19.70,$18.92
07/27/2022,$19.41,34113,$19.28,$19.49,$19.28
07/26/2022,$18.83,38001,$18.90,$19.045,$18.82
07/25/2022,$19.23,29705,$19.00,$19.25,$19.00
07/22/2022,$18.67,18966,$19.38,$19.38,$18.62
07/21/2022,$18.82,29682,$18.61,$18.82,$18.6023
07/20/2022,$18.39,73678,$18.41,$18.46,$18.33
07/19/2022,$18.39,85106,$18.29,$18.73,$18.29
07/18/2022,$18.18,41787,$18.12,$18.37,$18.12
07/15/2022,$18.13,55991,$17.95,$18.24,$17.95
07/14/2022,$18.12,34985,$18.10,$18.40,$17.99
07/13/2022,$17.85,22993,$17.9599,$17.9599,$17.63
07/12/2022,$17.99,60001,$17.97,$18.14,$17.88
07/11/2022,$17.92,42613,$18.68,$18.68,$17.90
07/08/2022,$18.165,37241,$18.17,$18.24,$18.09
07/07/2022,$18.31,26345,$18.265,$18.39,$18.26
07/06/2022,$18.24,48789,$18.17,$18.26,$18.12
07/05/2022,$18.25,65910,$18.66,$18.66,$17.6001
07/01/2022,$18.60,38144,$18.0901,$18.80,$18.0901
06/30/2022,$18.72,67915,$19.00,$19.00,$18.48
06/29/2022,$19.44,140097,$18.82,$19.5599,$18.82
06/28/2022,$19.66,201411,$19.946,$19.96,$19.64
06/27/2022,$19.73,140304,$19.70,$19.80,$19.70
06/24/2022,$19.10,39581,$18.8675,$19.13,$18.8675
06/23/2022,$18.65,47937,$18.67,$18.75,$18.51
06/22/2022,$18.57,75306,$18.54,$18.58,$18.45
06/21/2022,$18.855,36650,$19.49,$19.49,$18.80
06/17/2022,$18.22,49300,$17.93,$19.00,$17.93
06/16/2022,$18.02,55866,$18.37,$18.37,$18.01
06/15/2022,$18.56,31790,$18.535,$18.67,$18.50
06/14/2022,$19.22,64541,$19.11,$19.27,$19.11
06/13/2022,$18.865,59169,$19.05,$19.06,$18.78
06/10/2022,$19.45,48643,$19.75,$19.75,$19.39
06/09/2022,$19.42,59560,$19.75,$19.75,$19.40
06/08/2022,$19.74,50060,$19.76,$19.89,$19.70
06/07/2022,$19.96,42610,$19.70,$19.97,$19.70
06/06/2022,$19.56,20713,$19.62,$19.69,$19.54
06/03/2022,$19.08,80917,$19.7699,$19.7699,$18.98
06/02/2022,$19.21,39965,$18.82,$19.25,$18.82
06/01/2022,$19.285,31659,$19.28,$19.42,$19.21
05/31/2022,$19.52,41207,$19.53,$20.0399,$19.52
05/27/2022,$19.15,32582,$19.30,$19.32,$19.05
05/26/2022,$18.98,80032,$18.54,$18.99,$18.54
05/25/2022,$18.25,43787,$18.17,$18.42,$18.16
05/24/2022,$18.61,92418,$19.50,$19.50,$18.55
05/23/2022,$19.73,35483,$19.65,$19.86,$19.65
05/20/2022,$20.42,46348,$20.53,$20.53,$20.31
05/19/2022,$20.03,51479,$20.36,$20.42,$19.93
05/18/2022,$20.545,19787,$20.825,$20.88,$20.5075
05/17/2022,$20.92,54085,$20.85,$21.01,$20.85
05/16/2022,$20.14,53444,$20.088,$20.222,$20.03
05/13/2022,$20.37,409272,$20.18,$20.43,$20.12
05/12/2022,$20.29,28316,$20.5599,$20.5599,$20.12
05/11/2022,$20.59,48105,$20.1101,$20.97,$20.1101
05/10/2022,$20.445,80042,$20.39,$20.61,$20.35
05/09/2022,$19.61,93196,$19.82,$19.82,$19.45
05/06/2022,$19.93,173584,$19.78,$20.01,$19.77
05/05/2022,$19.16,52270,$19.38,$19.59,$19.16
05/04/2022,$19.72,56934,$19.20,$19.72,$19.20
05/03/2022,$19.245,55905,$19.248,$19.30,$19.23
05/02/2022,$19.29,59879,$18.80,$19.376,$18.80
04/29/2022,$19.42,56398,$19.60,$19.71,$19.42
04/28/2022,$18.80,43050,$18.60,$18.87,$18.60
04/27/2022,$18.36,33469,$18.382,$18.47,$18.31
04/26/2022,$18.01,47019,$18.51,$18.51,$18.01
04/25/2022,$19.03,40095,$18.80,$19.17,$18.80
04/22/2022,$19.58,27843,$19.64,$19.73,$19.54
04/21/2022,$19.56,33021,$19.95,$19.95,$19.53
04/20/2022,$20.06,34568,$19.91,$20.195,$19.91
04/19/2022,$19.62,169477,$19.485,$19.67,$19.45
04/18/2022,$19.506,51468,$19.61,$19.63,$19.46
04/14/2022,$19.635,34993,$20.00,$20.00,$19.62
04/13/2022,$19.76,50436,$19.72,$19.85,$19.56
04/12/2022,$19.72,31758,$20.50,$20.50,$19.72
04/11/2022,$20.78,60687,$21.58,$21.58,$20.26
04/08/2022,$21.53,30269,$21.12,$21.90,$21.12
04/07/2022,$21.06,37581,$20.45,$21.11,$20.45
04/06/2022,$21.33,26852,$21.86,$21.86,$21.19
04/05/2022,$22.89,27961,$22.943,$23.01,$22.80
04/04/2022,$23.14,379993,$23.51,$23.51,$22.96
04/01/2022,$22.065,111740,$21.71,$22.179,$21.71
03/31/2022,$21.368,16924,$21.63,$21.66,$21.32
03/30/2022,$21.56,12165,$21.68,$21.70,$21.56
03/29/2022,$21.81,29510,$22.62,$22.62,$21.69
03/28/2022,$21.66,78939,$21.09,$21.66,$21.09
03/25/2022,$21.38,47180,$21.60,$21.60,$21.315
03/24/2022,$21.79,16072,$21.50,$21.80,$21.50
03/23/2022,$21.25,29431,$21.148,$21.39,$21.14
03/22/2022,$21.32,87941,$21.84,$21.84,$21.185
03/21/2022,$21.00,94019,$20.91,$21.00,$20.79
03/18/2022,$20.92,77878,$21.08,$21.08,$20.66
03/17/2022,$20.52,70968,$20.46,$20.54,$20.27
03/16/2022,$20.03,80503,$19.32,$20.13,$19.32
03/15/2022,$19.13,155457,$19.03,$19.16,$18.4001
03/14/2022,$18.90,43533,$19.55,$19.575,$18.82
03/11/2022,$19.52,48170,$19.93,$19.93,$19.52
03/10/2022,$19.41,36967,$20.20,$20.20,$18.9001
03/09/2022,$19.56,43126,$20.167,$20.18,$18.90
03/08/2022,$19.68,76754,$19.65,$19.7155,$19.5065
03/07/2022,$19.62,58211,$20.20,$20.20,$19.58
03/04/2022,$20.11,58323,$20.59,$20.59,$20.09
03/03/2022,$21.53,74968,$21.69,$21.81,$21.39
03/02/2022,$21.97,78722,$21.89,$22.06,$21.87
03/01/2022,$22.10,68989,$22.218,$22.25,$22.00
02/28/2022,$22.40,45347,$22.52,$22.52,$22.15
02/25/2022,$22.55,34223,$22.50,$22.55,$22.405
02/24/2022,$22.13,146785,$21.94,$22.329,$21.04
02/23/2022,$22.35,61724,$23.05,$23.05,$22.33
02/22/2022,$23.065,75431,$22.1696,$23.15,$22.1696
02/18/2022,$22.84,88007,$22.35,$22.87,$22.06
02/17/2022,$22.22,14288,$22.27,$22.30,$22.164
02/16/2022,$22.295,22429,$21.3901,$22.34,$21.3901
02/15/2022,$22.10,25524,$22.00,$22.16,$21.19
02/14/2022,$22.18,90679,$22.575,$22.575,$22.05
02/11/2022,$22.20,25247,$22.02,$22.27,$22.02
02/10/2022,$22.59,87094,$21.79,$22.70,$21.79
02/09/2022,$22.39,33001,$22.07,$22.39,$22.07
02/08/2022,$21.80,72875,$20.96,$21.80,$20.96
02/07/2022,$21.60,42720,$21.45,$21.68,$21.45
02/04/2022,$22.38,35406,$21.97,$22.41,$21.97
02/03/2022,$21.53,44272,$22.37,$22.37,$21.50
02/02/2022,$21.79,21416,$21.67,$21.97,$21.67
02/01/2022,$21.83,61690,$21.75,$21.96,$21.57
01/31/2022,$21.80,79560,$20.82,$21.91,$20.82
01/28/2022,$21.46,24506,$21.385,$21.52,$21.33
01/27/2022,$21.59,27178,$21.04,$21.77,$21.04
01/26/2022,$21.22,40823,$21.0001,$21.7485,$21.0001
01/25/2022,$21.47,41250,$20.84,$21.52,$20.68
01/24/2022,$21.12,106050,$21.27,$21.87,$21.01
01/21/2022,$21.81,42651,$21.77,$22.79,$21.30
01/20/2022,$21.58,72052,$21.60,$21.93,$21.58
01/19/2022,$22.60,35859,$22.74,$22.83,$22.60
01/18/2022,$22.335,45175,$23.00,$23.07,$21.56
01/14/2022,$23.20,21097,$23.50,$23.50,$23.10
01/13/2022,$23.045,13980,$23.05,$23.19,$22.95
01/12/2022,$23.05,61121,$23.50,$23.50,$22.83
01/11/2022,$22.805,110249,$22.65,$22.83,$22.43
01/10/2022,$23.03,25868,$22.90,$23.5099,$22.85
01/07/2022,$23.18,12661,$23.00,$23.18,$22.98
01/06/2022,$22.89,16968,$22.18,$23.05,$22.18
01/05/2022,$23.10,102716,$22.97,$23.23,$22.97
01/04/2022,$22.90,27268,$22.83,$23.005,$22.79
01/03/2022,$23.26,46417,$23.51,$23.51,$22.63
12/31/2021,$22.98,31546,$22.87,$23.16,$22.85
12/30/2021,$22.78,39579,$23.3199,$23.3199,$22.62
12/29/2021,$22.895,27834,$23.51,$23.51,$22.82
12/28/2021,$23.00,26522,$22.97,$23.09,$22.90
12/27/2021,$23.00,24210,$23.161,$23.161,$22.85
12/23/2021,$23.13,30382,$22.38,$23.18,$22.38
12/22/2021,$23.33,36003,$22.87,$23.37,$22.86
12/21/2021,$23.38,74865,$22.53,$23.38,$22.53
12/20/2021,$21.885,40660,$22.25,$22.40,$21.59
12/17/2021,$22.26,57515,$22.04,$22.42,$21.80
12/16/2021,$21.8624,43169,$21.99,$22.07,$21.81
12/15/2021,$21.485,35293,$22.15,$22.15,$21.35
12/14/2021,$21.54,56808,$22.04,$22.04,$21.36
12/13/2021,$21.18,25107,$21.26,$21.26,$21.09
12/10/2021,$21.90,38671,$21.20,$21.90,$21.20
12/09/2021,$21.66,62284,$21.12,$21.99,$21.12
12/08/2021,$21.90,453862,$21.675,$22.10,$21.67
12/07/2021,$21.6575,47711,$21.55,$21.73,$21.55
12/06/2021,$21.32,56177,$21.21,$21.39,$21.17
12/03/2021,$20.92,49484,$20.915,$21.015,$20.64
12/02/2021,$20.25,43603,$20.72,$20.72,$20.25
12/01/2021,$20.56,110644,$19.96,$20.89,$19.96
11/30/2021,$20.295,127545,$20.43,$20.51,$20.15
11/29/2021,$19.53,34535,$20.05,$20.05,$19.50
11/26/2021,$19.50,38375,$20.3599,$20.3599,$19.01
11/24/2021,$20.467,60616,$20.467,$20.467,$20.467
11/23/2021,$19.90,39621,$20.00,$20.22,$19.85
11/22/2021,$20.38,50517,$20.82,$20.82,$19.5401
11/19/2021,$20.205,53223,$20.01,$20.5999,$20.01
11/18/2021,$20.34,55743,$20.50,$20.53,$20.32
11/17/2021,$20.58,45966,$21.14,$21.14,$20.56
11/16/2021,$21.20,29348,$21.16,$21.209,$21.14
11/15/2021,$20.80,34167,$21.29,$21.29,$20.6001
11/12/2021,$21.02,23196,$20.92,$21.06,$20.50
11/11/2021,$21.206,93162,$21.05,$21.45,$21.05
11/10/2021,$20.81,22608,$21.47,$21.47,$20.74
11/09/2021,$20.5925,35816,$20.24,$20.80,$20.24
11/08/2021,$20.89,34449,$20.695,$20.90,$20.695
11/05/2021,$20.75,90220,$21.00,$21.25,$20.73
11/04/2021,$21.71,50006,$22.00,$22.00,$21.40
11/03/2021,$21.92,38158,$21.02,$21.96,$21.02
11/02/2021,$21.95,74123,$21.73,$22.10,$21.73
11/01/2021,$22.00,42476,$21.90,$22.07,$21.88
10/29/2021,$21.96,53555,$21.86,$21.96,$21.72
10/28/2021,$21.66,32033,$21.60,$21.74,$21.58
10/27/2021,$21.535,269630,$21.53,$21.74,$21.48
10/26/2021,$21.49,476481,$21.475,$21.53,$21.44
10/25/2021,$21.26,316819,$21.82,$21.82,$21.21
10/22/2021,$21.12,291188,$21.15,$21.24,$21.01
10/21/2021,$20.85,94471,$21.03,$22.20,$20.715
10/20/2021,$21.0375,56148,$22.99,$22.99,$21.00
10/19/2021,$22.87,45004,$21.00,$23.45,$20.99
10/18/2021,$21.27,204644,$20.55,$21.27,$20.24
10/15/2021,$20.80,30284,$20.79,$21.59,$20.75
10/14/2021,$21.60,24866,$21.60,$21.88,$21.02
10/13/2021,$21.37,23752,$21.50,$21.65,$21.37
10/12/2021,$20.86,98635,$21.42,$22.60,$20.65
10/11/2021,$23.00,113942,$23.90,$24.01,$21.70
10/08/2021,$23.90,117675,$26.95,$27.6475,$23.90
10/07/2021,$27.50,88572,$26.05,$29.00,$26.05
10/06/2021,$27.85,183238,$26.01,$30.00,$26.01
10/05/2021,$31.90,198172,$27.95,$35.94,$27.95
10/04/2021,$27.25,74116,$28.72,$28.72,$25.92
10/01/2021,$26.41,75218,$26.49,$27.50,$25.00
09/30/2021,$27.85,192627,$25.00,$28.20,$22.70
09/29/2021,$23.50,270245,$22.08,$23.74,$22.00
09/28/2021,$21.945,405351,$22.18,$22.18,$21.885
09/27/2021,$22.25,954568,$22.05,$22.28,$21.97
09/24/2021,$21.13,290255,$21.176,$21.22,$21.10
09/23/2021,$21.15,112374,$20.88,$21.17,$20.88
09/22/2021,$20.82,45745,$20.94,$21.04,$20.81
09/21/2021,$20.68,27873,$20.24,$20.68,$20.24
09/20/2021,$20.64,58113,$20.48,$20.86,$20.274
09/17/2021,$21.60,29241,$21.39,$21.72,$21.38
09/16/2021,$20.70,17347,$20.24,$20.715,$20.24
09/15/2021,$20.725,62204,$20.326,$20.74,$20.32
09/14/2021,$21.02,59361,$21.08,$21.12,$21.00
09/13/2021,$20.44,29321,$20.68,$20.68,$20.24
09/10/2021,$21.07,21288,$21.225,$21.24,$21.00
09/09/2021,$21.095,31390,$20.78,$21.14,$20.78
09/08/2021,$21.00,17993,$21.30,$21.30,$20.93
09/07/2021,$21.59,21934,$22.20,$22.20,$21.51
09/03/2021,$21.48,31386,$21.39,$21.49,$21.3701
09/02/2021,$21.50,40352,$21.88,$21.88,$21.50
09/01/2021,$22.18,23401,$22.31,$22.31,$22.01
08/31/2021,$22.16,70451,$21.70,$22.19,$21.70
08/30/2021,$21.39,30164,$20.85,$21.39,$20.85
08/27/2021,$20.77,28373,$20.31,$20.79,$20.31
08/26/2021,$20.265,33564,$20.365,$20.41,$20.26
08/25/2021,$20.87,28481,$20.83,$20.87,$20.70
08/24/2021,$20.895,19685,$20.75,$20.98,$20.75
08/23/2021,$21.10,127044,$20.80,$21.10,$20.80
08/20/2021,$20.74,223005,$20.51,$20.80,$20.51
08/19/2021,$20.39,48246,$20.56,$20.56,$20.18
08/18/2021,$21.38,72336,$21.43,$21.54,$21.34
08/17/2021,$21.01,38680,$21.25,$21.25,$20.70
08/16/2021,$21.215,19449,$20.98,$21.27,$20.98
08/13/2021,$20.455,95806,$20.69,$20.69,$20.38
08/12/2021,$20.99,96699,$21.27,$21.27,$20.9052
08/11/2021,$21.14,197757,$20.54,$21.17,$20.54
08/10/2021,$19.14,33743,$19.76,$19.76,$19.04
08/09/2021,$18.965,23248,$18.55,$19.00,$18.55
08/06/2021,$18.8625,26748,$18.99,$18.99,$18.79
08/05/2021,$18.89,157889,$19.05,$19.05,$18.65
08/04/2021,$19.24,35382,$18.80,$19.30,$18.80
08/03/2021,$19.30,69843,$19.46,$19.46,$19.14
08/02/2021,$19.53,219455,$19.05,$19.53,$19.05
07/30/2021,$18.62,29694,$18.31,$18.74,$18.31
07/29/2021,$18.735,48012,$19.34,$19.44,$18.68
07/28/2021,$19.36,46431,$18.69,$19.39,$18.69
07/27/2021,$18.18,61878,$17.76,$18.25,$17.76
07/26/2021,$18.86,55787,$18.70,$19.20,$18.70
07/23/2021,$19.6975,21402,$19.89,$19.97,$19.55
07/22/2021,$20.70,70986,$20.65,$20.82,$20.65
07/21/2021,$20.50,37906,$20.15,$20.93,$20.15
07/20/2021,$20.406,76427,$20.17,$20.50,$20.15
07/19/2021,$20.53,29186,$20.15,$20.55,$20.15
07/16/2021,$20.72,51893,$21.39,$21.39,$20.69
07/15/2021,$21.52,212284,$21.50,$22.30,$21.50
07/14/2021,$21.51,35957,$21.74,$21.74,$21.38
07/13/2021,$22.40,37088,$22.475,$22.51,$22.395
07/12/2021,$22.78,30888,$22.94,$22.94,$22.70
07/09/2021,$23.245,21139,$23.00,$23.30,$23.00
07/08/2021,$22.96,46992,$22.45,$22.96,$22.45
07/07/2021,$22.75,30416,$22.44,$22.78,$22.44
07/06/2021,$22.52,101660,$22.27,$22.84,$22.27
07/02/2021,$22.86,47433,$22.37,$22.95,$22.37
07/01/2021,$23.09,28843,$22.80,$23.09,$22.80
06/30/2021,$23.03,10309,$23.19,$23.19,$23.01
06/29/2021,$23.39,20032,$23.05,$23.705,$23.05
06/28/2021,$23.27,21342,$23.55,$23.55,$23.24
06/25/2021,$23.50,9643,$23.64,$23.64,$23.32
06/24/2021,$23.47,22843,$23.28,$23.50,$23.28
06/23/2021,$23.24,20058,$23.29,$23.32,$23.14
06/22/2021,$23.16,51247,$22.79,$23.28,$22.79
06/21/2021,$22.58,39135,$22.86,$22.86,$22.40
06/18/2021,$23.03,12951,$23.04,$23.05,$23.01
06/17/2021,$23.68,28032,$23.64,$23.83,$23.58
06/16/2021,$22.905,26504,$22.64,$23.16,$22.64
06/15/2021,$23.072,11769,$23.53,$23.53,$23.00
06/14/2021,$23.59,8330,$23.50,$23.59,$23.35
06/11/2021,$23.44,40024,$23.16,$23.51,$23.16
06/10/2021,$23.94,22606,$23.545,$23.98,$23.545
06/09/2021,$23.59,18609,$23.52,$23.69,$23.31
06/08/2021,$23.31,35254,$23.50,$23.50,$23.25
06/07/2021,$23.76,24316,$23.97,$23.97,$23.50
06/04/2021,$23.79,31723,$23.80,$23.83,$23.65
06/03/2021,$23.80,21309,$23.80,$23.86,$23.65
06/02/2021,$24.05,43243,$24.27,$24.27,$23.9755
06/01/2021,$24.32,45521,$24.115,$24.4005,$24.10
05/28/2021,$24.20,26145,$24.095,$24.51,$23.975
05/27/2021,$25.30,19324,$25.55,$25.55,$25.04
05/26/2021,$25.07,19866,$24.99,$25.07,$24.96
05/25/2021,$24.29,64969,$24.322,$24.40,$24.26
05/24/2021,$24.32,73616,$23.72,$24.43,$23.72
05/21/2021,$24.87,24004,$24.955,$24.955,$24.75
05/20/2021,$25.01,58764,$24.88,$25.01,$24.88
05/19/2021,$24.51,18299,$25.06,$25.06,$24.19
05/18/2021,$24.43,75739,$24.44,$24.59,$24.3417
05/17/2021,$23.89,78459,$23.46,$23.96,$23.46
05/14/2021,$23.54,107959,$22.94,$23.56,$22.94
05/13/2021,$22.85,197799,$23.03,$23.40,$22.50
05/12/2021,$24.28,106856,$25.86,$25.86,$24.278
05/11/2021,$26.04,11552,$25.50,$26.20,$25.50
05/10/2021,$25.955,36059,$26.69,$26.69,$25.85
05/07/2021,$27.425,12118,$27.30,$27.50,$27.30
05/06/2021,$26.575,16449,$26.24,$26.67,$26.24
05/05/2021,$26.713,15848,$26.775,$26.81,$26.65
05/04/2021,$27.30,30784,$27.90,$27.90,$27.185
05/03/2021,$27.665,21730,$28.00,$28.00,$27.16
04/30/2021,$27.36,35916,$27.25,$27.52,$27.25
04/29/2021,$27.08,13159,$26.77,$27.18,$26.77
04/28/2021,$26.80,33460,$26.59,$26.925,$26.59
04/27/2021,$26.77,28178,$27.00,$27.00,$26.6508
04/26/2021,$27.49,31868,$27.16,$27.65,$27.16
04/23/2021,$28.75,34874,$28.39,$28.80,$28.28
04/22/2021,$27.68,17877,$28.00,$28.00,$27.66
04/21/2021,$27.95,16328,$27.95,$28.02,$27.80
04/20/2021,$27.375,21197,$28.16,$28.16,$27.325
04/19/2021,$27.58,25355,$28.19,$28.19,$27.31
04/16/2021,$27.875,63381,$27.60,$27.99,$27.60
04/15/2021,$26.805,16516,$26.27,$26.96,$26.27
04/14/2021,$26.26,16664,$26.29,$26.35,$26.06
04/13/2021,$26.06,24156,$25.71,$26.31,$25.45
04/12/2021,$25.69,27836,$25.49,$25.85,$25.44
04/09/2021,$25.52,31583,$25.96,$25.96,$25.50
04/08/2021,$26.24,25067,$26.432,$26.49,$26.18
04/07/2021,$26.44,42612,$26.62,$27.11,$26.35
04/06/2021,$27.84,35693,$27.62,$28.04,$27.62
04/05/2021,$27.90,29735,$27.90,$27.90,$27.70
04/01/2021,$27.655,65819,$27.90,$27.96,$27.55
03/31/2021,$28.58,35455,$27.91,$28.58,$27.91
03/30/2021,$28.66,105816,$28.75,$28.80,$28.60
03/29/2021,$25.774,38475,$25.76,$25.85,$25.66
03/26/2021,$25.865,35964,$25.45,$26.09,$25.45
03/25/2021,$24.725,50506,$24.66,$24.80,$24.53
03/24/2021,$24.73,38788,$24.90,$24.955,$24.73
03/23/2021,$24.75,28351,$24.71,$24.99,$24.59
03/22/2021,$24.31,58084,$24.198,$24.39,$24.11
03/19/2021,$23.924,40641,$23.655,$24.00,$23.655
03/18/2021,$23.63,26305,$23.69,$23.75,$23.59
03/17/2021,$23.00,45204,$22.76,$23.44,$22.76
03/16/2021,$23.40,256528,$23.59,$23.59,$22.98
03/15/2021,$23.80,134140,$22.98,$24.01,$22.98
03/12/2021,$25.36,29240,$25.69,$25.89,$25.044
03/11/2021,$26.72,128011,$26.36,$26.77,$26.36
03/10/2021,$25.72,60200,$25.42,$25.79,$25.42
03/09/2021,$25.26,55158,$25.25,$25.40,$24.65
03/08/2021,$25.20,58062,$25.62,$25.62,$25.15
03/05/2021,$25.794,65674,$26.21,$26.21,$25.27
03/04/2021,$25.41,69302,$25.902,$26.23,$25.40
03/03/2021,$26.50,114221,$27.00,$27.00,$26.35
03/02/2021,$26.59,27013,$26.30,$27.00,$26.30
03/01/2021,$26.63,59671,$26.20,$27.10,$26.20
02/26/2021,$25.297,63576,$25.91,$25.91,$25.02
02/25/2021,$26.01,37836,$26.285,$26.4324,$26.01
02/24/2021,$25.90,39404,$25.60,$26.06,$25.60
02/23/2021,$26.01,76540,$25.83,$26.25,$25.82
02/22/2021,$25.987,92307,$25.90,$26.43,$25.44
02/19/2021,$27.67,64082,$27.72,$27.79,$27.33
02/18/2021,$27.39,98293,$26.60,$27.73,$26.60
02/17/2021,$27.56,72888,$27.17,$27.59,$27.17
02/16/2021,$26.515,80007,$26.704,$26.77,$26.26
02/12/2021,$25.89,73329,$24.98,$26.67,$24.98
02/11/2021,$25.85,46247,$25.79,$26.23,$25.35
02/10/2021,$25.88,58732,$26.42,$26.42,$25.55
02/09/2021,$26.42,77508,$25.95,$26.78,$25.95
02/08/2021,$25.37,125268,$25.51,$25.51,$25.20
02/05/2021,$25.45,37600,$25.00,$25.87,$25.00
02/04/2021,$25.39,68998,$25.86,$25.86,$25.24
02/03/2021,$26.28,133910,$26.00,$26.61,$26.00
02/02/2021,$25.08,42949,$25.96,$25.96,$24.90
02/01/2021,$24.90,90492,$24.50,$24.99,$24.50
01/29/2021,$23.21,235924,$23.78,$23.78,$23.05
01/28/2021,$24.55,200132,$23.48,$24.70,$23.48
01/27/2021,$24.95,95249,$25.55,$25.55,$24.95
01/26/2021,$25.78,213172,$25.30,$25.99,$25.30
01/25/2021,$24.95,57030,$24.60,$25.28,$24.60
01/22/2021,$23.952,48331,$23.75,$24.00,$23.75
01/21/2021,$23.75,53318,$23.79,$23.79,$23.63
01/20/2021,$23.35,84865,$23.70,$23.70,$23.31
01/19/2021,$23.97,238325,$23.79,$23.99,$23.79
01/15/2021,$22.53,61763,$22.5465,$22.90,$22.50
01/14/2021,$22.6895,88458,$22.695,$22.90,$22.63
01/13/2021,$22.87,175648,$22.91,$22.93,$22.507
01/12/2021,$21.27,200600,$21.18,$21.40,$21.07
01/11/2021,$19.175,49903,$18.984,$19.41,$18.83
01/08/2021,$20.37,75282,$20.17,$20.49,$20.17
01/07/2021,$19.60,25177,$19.14,$19.63,$19.14
01/06/2021,$19.14,27796,$19.66,$19.66,$19.10
01/05/2021,$19.58,88793,$19.30,$20.00,$19.30
01/04/2021,$19.37,73777,$19.23,$19.715,$19.23
12/31/2020,$18.69,25904,$18.54,$18.70,$18.54
12/30/2020,$18.365,13204,$18.52,$18.52,$18.29
12/29/2020,$18.55,23281,$18.548,$18.58,$18.50
12/28/2020,$18.58,56912,$18.28,$18.65,$18.28
12/24/2020,$17.43,19827,$17.94,$17.94,$17.43
12/23/2020,$17.9401,18286,$18.10,$18.10,$17.94
12/22/2020,$17.96,25863,$18.38,$18.38,$17.745
12/21/2020,$17.98,57564,$18.36,$18.36,$17.85
12/18/2020,$18.00,71430,$17.75,$18.00,$17.75
12/17/2020,$17.42,29131,$17.82,$17.82,$17.36
12/16/2020,$17.65,44708,$17.99,$17.99,$17.56
12/15/2020,$17.36,56944,$17.20,$17.43,$17.20
12/14/2020,$16.46,75445,$16.42,$16.56,$16.26
12/11/2020,$15.105,16090,$15.18,$15.18,$15.06
12/10/2020,$15.10,37945,$14.74,$15.29,$14.74
12/09/2020,$14.73,15405,$14.95,$14.95,$14.68
12/08/2020,$14.932,23178,$14.82,$14.97,$14.82
12/07/2020,$14.82,32627,$14.55,$15.00,$14.55
12/04/2020,$14.75,16366,$14.76,$14.84,$14.75
12/03/2020,$14.65,14507,$14.90,$14.90,$14.593
12/02/2020,$14.41,21836,$14.62,$14.62,$14.36
12/01/2020,$14.47,21421,$14.405,$14.71,$14.40
11/30/2020,$14.40,97212,$14.74,$14.74,$14.11
11/27/2020,$14.925,15292,$14.94,$14.94,$14.85
11/25/2020,$14.47,30448,$14.65,$14.75,$14.34
11/24/2020,$14.64,35212,$14.88,$14.88,$14.50
11/23/2020,$14.84,51623,$14.59,$14.89,$14.59
11/20/2020,$14.21,23547,$14.10,$14.22,$14.08
11/19/2020,$14.05,40411,$14.10,$14.10,$13.94
11/18/2020,$14.04,19138,$14.05,$14.08,$14.005
11/17/2020,$14.005,36879,$13.99,$14.10,$13.925
11/16/2020,$13.47,30484,$13.81,$13.81,$13.25
11/13/2020,$13.235,23862,$13.38,$13.38,$13.15
11/12/2020,$13.33,29590,$13.11,$13.47,$13.11
11/11/2020,$13.42,12634,$13.55,$13.55,$13.33
11/10/2020,$13.54,30266,$13.79,$13.79,$13.37
11/09/2020,$14.13,51689,$14.10,$14.34,$14.00
11/06/2020,$14.00,26203,$14.05,$14.08,$13.92
11/05/2020,$13.995,33562,$14.10,$14.10,$13.55
11/04/2020,$14.04,84965,$13.79,$14.10,$13.48
11/03/2020,$12.90,101523,$13.15,$13.15,$12.74
11/02/2020,$12.80,23975,$12.56,$12.83,$12.56
10/30/2020,$12.54,23330,$12.552,$12.66,$12.51
10/29/2020,$12.804,41323,$12.66,$12.85,$12.66
10/28/2020,$12.525,31416,$12.24,$12.65,$12.24
10/27/2020,$12.95,28586,$12.905,$13.03,$12.88
10/26/2020,$12.84,40957,$13.10,$13.10,$12.68
10/23/2020,$12.91,20973,$13.00,$13.00,$12.85
10/22/2020,$13.13,10210,$12.995,$13.16,$12.995
10/21/2020,$13.15,18031,$13.20,$13.21,$13.15
10/20/2020,$13.10,28590,$12.90,$13.13,$12.90
10/19/2020,$12.94,51192,$12.825,$13.00,$12.825
10/16/2020,$13.20,24430,$13.27,$13.27,$13.10
10/15/2020,$13.61,30530,$13.60,$13.65,$13.40
10/14/2020,$13.9068,31162,$13.73,$14.00,$13.73
10/13/2020,$13.42,19814,$13.42,$13.44,$13.3745
10/12/2020,$13.42,18624,$13.52,$13.52,$13.23
10/09/2020,$13.29,29531,$13.30,$13.33,$13.19
10/08/2020,$13.54,35810,$13.402,$13.54,$13.39
10/07/2020,$13.15,52952,$13.48,$13.49,$13.15
10/06/2020,$13.18,12741,$13.00,$13.21,$13.00
10/05/2020,$13.00,22626,$13.11,$13.11,$12.80
10/02/2020,$13.30,27411,$13.21,$13.42,$13.21
10/01/2020,$13.44,27414,$13.36,$13.50,$13.20
09/30/2020,$13.20,65564,$13.185,$13.32,$13.17
09/29/2020,$12.95,13345,$12.905,$12.95,$12.84
09/28/2020,$12.81,18226,$12.775,$12.83,$12.77
09/25/2020,$12.87,41477,$12.70,$12.91,$12.70
09/24/2020,$13.46,43661,$13.46,$13.47,$13.37
09/23/2020,$13.505,48981,$13.68,$13.68,$13.505
09/22/2020,$13.24,37724,$13.49,$13.49,$13.18
09/21/2020,$13.46,41789,$13.70,$13.70,$13.29
09/18/2020,$13.93,28742,$14.00,$14.00,$13.89
09/17/2020,$14.32,19637,$14.25,$14.35,$14.25
09/16/2020,$14.23,54065,$14.00,$14.45,$14.00
09/15/2020,$13.86,143068,$13.93,$13.93,$13.75
09/14/2020,$13.43,28092,$13.66,$13.66,$13.27
09/11/2020,$13.27,23723,$13.40,$13.41,$13.27
09/10/2020,$13.292,39970,$13.415,$13.42,$13.27
09/09/2020,$13.25,31468,$13.10,$13.25,$12.80
09/08/2020,$12.94,169031,$13.08,$13.08,$12.64
09/04/2020,$13.45,55872,$13.23,$13.48,$13.21
09/03/2020,$13.37,45981,$13.475,$13.70,$13.25
09/02/2020,$13.42,46234,$13.38,$13.48,$13.38
09/01/2020,$13.19,22965,$13.35,$13.35,$13.17
08/31/2020,$13.37,26209,$13.60,$13.60,$13.24
08/28/2020,$13.52,96313,$13.67,$13.67,$13.19
08/27/2020,$12.99,243522,$12.70,$13.06,$12.70
08/26/2020,$12.94,51341,$12.895,$13.05,$12.69
08/25/2020,$12.80,67292,$12.97,$12.97,$12.54
08/24/2020,$12.49,34553,$12.73,$12.73,$12.44
08/21/2020,$12.59,23398,$12.78,$12.78,$12.50
08/20/2020,$12.87,32420,$12.75,$12.87,$12.72
08/19/2020,$12.99,50781,$13.00,$13.01,$12.97
08/18/2020,$13.08,69440,$13.35,$13.35,$12.88
08/17/2020,$12.72,61088,$12.38,$12.72,$12.38
08/14/2020,$12.11,23933,$11.88,$12.155,$11.88
08/13/2020,$12.27,80054,$12.60,$12.60,$12.08
08/12/2020,$12.65,22466,$12.219,$12.67,$12.219
08/11/2020,$12.54,22848,$12.525,$12.64,$12.50
08/10/2020,$12.15,17012,$12.15,$12.19,$12.105
08/07/2020,$12.09,13840,$12.40,$12.40,$12.05
08/06/2020,$12.33,30327,$12.30,$12.39,$12.27
08/05/2020,$12.55,19863,$12.45,$12.62,$12.45
08/04/2020,$12.52,53181,$12.20,$12.56,$12.20
08/03/2020,$12.11,36007,$11.96,$12.17,$11.96
07/31/2020,$11.95,26094,$12.05,$12.15,$11.87
07/30/2020,$11.85,26196,$11.90,$11.98,$11.73
07/29/2020,$11.98,19171,$11.95,$12.10,$11.93
07/28/2020,$11.625,29537,$11.665,$11.70,$11.60
07/27/2020,$11.71,30309,$11.50,$11.84,$11.50
07/24/2020,$11.838,42949,$12.00,$12.00,$11.77
07/23/2020,$11.95,23497,$12.16,$12.16,$11.95
07/22/2020,$12.07,27688,$11.935,$12.08,$11.8468
07/21/2020,$11.92,28492,$12.18,$12.18,$11.92
07/20/2020,$11.88,28799,$12.03,$12.03,$11.80
07/17/2020,$11.81,35504,$11.98,$11.98,$11.75
07/16/2020,$11.52,72522,$11.80,$11.80,$11.43
07/15/2020,$11.8675,80123,$12.00,$12.15,$11.82
07/14/2020,$12.195,92198,$12.37,$12.37,$12.11
07/13/2020,$12.72,109083,$12.46,$12.80,$12.46
07/10/2020,$12.10,35932,$12.10,$12.18,$11.95
07/09/2020,$12.26,36586,$12.412,$12.43,$12.23
07/08/2020,$12.155,43715,$12.07,$12.20,$12.02
07/07/2020,$11.765,69267,$11.69,$12.09,$11.63
07/06/2020,$11.85,19998,$11.69,$12.21,$11.69
07/02/2020,$11.695,19142,$11.34,$11.80,$11.34
07/01/2020,$11.04,12185,$11.06,$11.13,$11.00
06/30/2020,$11.026,13735,$11.00,$11.065,$10.93
06/29/2020,$10.90,20846,$10.895,$11.25,$10.47
06/26/2020,$11.185,22653,$11.25,$11.25,$11.17
06/25/2020,$11.04,45546,$10.79,$11.09,$10.79
06/24/2020,$11.12,41141,$10.79,$11.18,$10.79
06/23/2020,$11.18,11895,$11.14,$11.20,$11.14
06/22/2020,$11.08,19394,$10.75,$11.11,$10.75
06/19/2020,$10.91,18103,$10.85,$11.06,$10.75
06/18/2020,$10.96,9445,$11.00,$11.00,$10.95
06/17/2020,$10.9033,15570,$10.9048,$10.9375,$10.89
06/16/2020,$10.76,22930,$10.67,$10.91,$10.67
06/15/2020,$10.69,34387,$10.31,$10.74,$10.31
06/12/2020,$10.805,24992,$10.84,$10.92,$10.73
06/11/2020,$10.90,32818,$11.20,$11.20,$10.76
06/10/2020,$11.27,52656,$10.87,$11.30,$10.87
06/09/2020,$11.20,49072,$10.77,$11.20,$10.77
06/08/2020,$10.83,74649,$10.69,$11.05,$10.69
06/05/2020,$11.02,43317,$11.00,$11.09,$10.99
06/04/2020,$10.79,20213,$10.732,$10.81,$10.70
06/03/2020,$10.875,40156,$10.80,$10.91,$10.771
06/02/2020,$10.89,42598,$10.40,$11.00,$10.40
06/01/2020,$10.72,24657,$10.37,$11.21,$10.37
05/29/2020,$10.95,27842,$10.69,$10.95,$10.69
05/28/2020,$10.83,15374,$11.15,$11.15,$10.79
05/27/2020,$10.99,34739,$10.85,$11.00,$10.85
05/26/2020,$10.715,33882,$10.62,$10.87,$10.62
05/22/2020,$10.34,59054,$10.42,$10.42,$10.30
05/21/2020,$10.55,82005,$10.94,$10.94,$10.49
05/20/2020,$11.24,84629,$11.34,$11.37,$11.16
05/19/2020,$11.30,81184,$11.415,$11.66,$11.30
05/18/2020,$11.35,44140,$11.23,$11.44,$11.23
05/15/2020,$10.825,30781,$11.00,$11.00,$10.74
05/14/2020,$11.03,44590,$10.84,$11.03,$10.8295
05/13/2020,$11.00,31052,$11.10,$11.17,$10.95
05/12/2020,$11.25,40214,$11.04,$11.37,$11.04
05/11/2020,$11.20,32141,$11.24,$11.25,$11.16
05/08/2020,$11.26,15099,$11.19,$11.27,$11.19
05/07/2020,$10.89,29419,$10.89,$10.91,$10.83
05/06/2020,$10.905,30500,$10.65,$10.96,$10.65
05/05/2020,$10.665,23551,$10.675,$10.69,$10.65
05/04/2020,$10.66,21858,$10.24,$10.66,$10.24
05/01/2020,$10.41,28478,$11.31,$11.31,$10.41
04/30/2020,$10.79,26445,$10.95,$11.04,$10.70
04/29/2020,$11.02,14841,$10.91,$11.02,$10.91
04/28/2020,$10.905,21198,$11.32,$11.32,$10.86
04/27/2020,$10.93,41980,$10.44,$10.93,$10.44
04/24/2020,$10.69,13141,$10.50,$10.70,$10.50
04/23/2020,$10.96,47460,$11.11,$11.123,$10.95
04/22/2020,$11.11,28787,$11.30,$11.30,$11.09
04/21/2020,$11.29,38296,$11.135,$11.34,$11.135
04/20/2020,$11.25,36126,$11.04,$11.40,$11.04
04/17/2020,$11.245,21461,$11.645,$11.645,$10.95
04/16/2020,$10.95,32538,$11.45,$11.45,$10.91
04/15/2020,$10.695,23123,$10.395,$10.75,$10.395
04/14/2020,$10.7605,48780,$10.79,$10.80,$10.73
04/13/2020,$10.81,29198,$11.70,$11.70,$10.45
04/09/2020,$10.87,57730,$11.47,$11.47,$10.825
04/08/2020,$11.00,84508,$10.675,$11.00,$10.45
04/07/2020,$10.79,28370,$11.67,$11.67,$10.75
04/06/2020,$10.54,41966,$10.40,$10.56,$10.40
04/03/2020,$10.34,24661,$10.348,$10.365,$10.19
04/02/2020,$10.345,26676,$10.315,$10.44,$10.255
04/01/2020,$10.248,34803,$10.405,$10.42,$10.20
03/31/2020,$10.7055,41061,$10.675,$10.79,$10.59
03/30/2020,$10.19,51033,$10.16,$10.19,$9.981
03/27/2020,$10.16,60829,$9.95,$10.70,$9.95
03/26/2020,$10.70,37483,$10.407,$10.82,$10.407
03/25/2020,$10.15,30784,$10.00,$10.344,$10.00
03/24/2020,$9.91,48429,$9.83,$9.91,$9.70
03/23/2020,$9.5715,42440,$8.92,$9.68,$8.92
03/20/2020,$9.54,98308,$9.25,$9.8375,$9.25
03/19/2020,$9.53,72715,$9.02,$9.6834,$9.02
03/18/2020,$9.77,47822,$10.00,$10.01,$9.667
03/17/2020,$10.18,132640,$10.315,$10.39,$9.90
03/16/2020,$10.227,35871,$10.50,$10.50,$10.05
03/13/2020,$11.14,69808,$10.89,$11.14,$10.54
03/12/2020,$10.54,86173,$11.23,$11.23,$10.27
03/11/2020,$11.716,51837,$12.00,$12.00,$11.68
03/10/2020,$12.384,61871,$12.78,$12.78,$12.15
03/09/2020,$12.315,29151,$11.84,$12.56,$11.84
03/06/2020,$12.78,31044,$12.90,$13.00,$12.712
03/05/2020,$12.90,121803,$12.78,$13.01,$12.78
03/04/2020,$13.01,34226,$12.99,$13.05,$12.95
03/03/2020,$12.57,79510,$12.48,$12.87,$12.48
03/02/2020,$12.47,59407,$12.70,$12.70,$12.26
02/28/2020,$12.52,60126,$11.87,$12.52,$11.87
02/27/2020,$12.49,71736,$12.695,$12.94,$12.49
02/26/2020,$13.12,52567,$13.26,$13.26,$13.11
02/25/2020,$13.05,142563,$13.90,$13.90,$13.01
02/24/2020,$13.85,42309,$13.90,$14.03,$13.76
02/21/2020,$14.22,45344,$14.36,$14.36,$14.20
02/20/2020,$14.665,53101,$14.79,$14.79,$14.52
02/19/2020,$13.88,25298,$13.72,$13.956,$13.72
02/18/2020,$13.775,11674,$13.46,$13.81,$13.46
02/14/2020,$13.602,6796,$13.655,$13.68,$13.60
02/13/2020,$13.76,19099,$14.07,$14.07,$13.70
02/12/2020,$13.85,13793,$13.49,$13.87,$13.49
02/11/2020,$13.56,13694,$13.71,$13.71,$13.55
02/10/2020,$13.76,13927,$13.94,$13.94,$13.435
02/07/2020,$13.72,8483,$13.95,$13.95,$13.72
02/06/2020,$14.00,36965,$13.66,$14.05,$13.66
02/05/2020,$13.794,21784,$13.76,$13.85,$13.76
02/04/2020,$13.68,17975,$13.28,$13.70,$13.28
02/03/2020,$13.34,15990,$12.95,$13.376,$12.95
01/31/2020,$13.15,24372,$13.50,$13.50,$13.14
01/30/2020,$13.782,46883,$13.505,$13.782,$13.505
01/29/2020,$14.38,22454,$14.22,$14.48,$14.18
01/28/2020,$13.8535,22099,$13.79,$13.92,$13.75
01/27/2020,$13.84,45065,$13.85,$13.92,$13.65
01/24/2020,$14.305,36438,$14.58,$14.595,$14.27
01/23/2020,$14.575,21012,$14.73,$14.73,$14.395
01/22/2020,$14.59,23805,$14.36,$14.68,$14.36
01/21/2020,$14.67,40266,$14.36,$14.89,$14.36
01/17/2020,$15.16,12102,$15.51,$15.51,$14.992
01/16/2020,$15.08,21282,$15.289,$15.289,$14.74
01/15/2020,$14.79,9449,$14.76,$14.97,$14.76
01/14/2020,$15.00,13952,$15.39,$15.39,$14.47
01/13/2020,$14.9985,78834,$14.62,$15.22,$14.62
01/10/2020,$14.53,138904,$14.10,$14.55,$14.10
01/09/2020,$13.974,29110,$13.67,$13.99,$13.67
01/08/2020,$13.64,65374,$13.75,$13.78,$13.61
01/07/2020,$13.68,58815,$13.80,$13.80,$13.59
01/06/2020,$13.71,47018,$13.60,$13.71,$13.60
01/03/2020,$13.94,37036,$14.00,$14.00,$13.84
01/02/2020,$13.85,50342,$13.976,$13.976,$13.52
12/31/2019,$13.38,13911,$13.14,$13.45,$13.14
12/30/2019,$13.415,32687,$13.45,$13.50,$13.39
12/27/2019,$13.45,14191,$13.43,$13.50,$13.43
12/26/2019,$13.393,26442,$13.56,$13.56,$13.01
12/24/2019,$13.33,13478,$13.54,$13.54,$13.26
12/23/2019,$13.255,45960,$13.245,$13.50,$12.97
12/20/2019,$13.22,27506,$13.38,$13.38,$13.21
12/19/2019,$13.40,25828,$13.05,$13.48,$13.05
12/18/2019,$13.43,73047,$13.54,$13.54,$13.40
12/17/2019,$13.69,16611,$13.65,$13.73,$13.535
12/16/2019,$13.55,48598,$13.52,$13.70,$13.52
12/13/2019,$13.25,39537,$13.52,$13.52,$13.22
12/12/2019,$13.30,103649,$13.37,$13.37,$13.17
12/11/2019,$13.02,45442,$13.00,$13.045,$12.913
12/10/2019,$12.9125,147406,$12.80,$12.93,$12.80
12/09/2019,$12.76,71245,$12.85,$12.85,$12.75
12/06/2019,$12.805,39119,$12.61,$12.92,$12.61
12/05/2019,$12.75,49012,$12.8199,$12.82,$12.7375
12/04/2019,$12.879,22767,$12.85,$12.935,$12.85
12/03/2019,$12.73,44170,$12.44,$12.80,$12.44
12/02/2019,$12.83,69304,$13.00,$13.11,$12.80
11/29/2019,$13.23,29078,$13.11,$13.52,$13.11
11/27/2019,$13.65,29053,$13.95,$13.95,$13.39
11/26/2019,$14.12,25629,$14.39,$14.39,$14.00
11/25/2019,$14.615,20601,$14.585,$14.63,$14.51
11/22/2019,$14.23,9040,$14.26,$14.28,$14.20
11/21/2019,$14.29,24520,$13.9175,$14.29,$13.9175
11/20/2019,$14.245,27205,$14.50,$14.50,$14.228
11/19/2019,$14.56,13455,$14.70,$14.70,$14.56
11/18/2019,$14.59,18155,$14.30,$14.60,$14.30
11/15/2019,$14.61,14501,$14.40,$14.70,$14.40
11/14/2019,$14.37,15443,$14.445,$14.445,$14.30
11/13/2019,$14.29,15870,$14.23,$14.41,$14.23
11/12/2019,$14.23,29807,$14.31,$14.31,$14.20
11/11/2019,$14.29,22206,$14.285,$14.39,$14.23
11/08/2019,$14.875,11737,$15.10,$15.10,$14.83
11/07/2019,$15.405,26808,$15.35,$15.50,$15.35
11/06/2019,$15.41,25420,$15.24,$15.50,$15.24
11/05/2019,$15.256,15782,$15.395,$15.50,$15.20
11/04/2019,$14.99,26489,$14.95,$15.10,$14.95
11/01/2019,$14.50,18319,$14.69,$14.69,$14.32
10/31/2019,$13.80,9200,$14.23,$14.23,$13.80
10/30/2019,$14.345,11740,$14.28,$14.37,$14.25
10/29/2019,$14.33,7220,$14.24,$14.40,$14.24
10/28/2019,$14.25,17913,$14.00,$14.25,$14.00
10/25/2019,$13.96,9737,$14.13,$14.13,$13.90
10/24/2019,$13.81,13723,$13.77,$13.86,$13.77
10/23/2019,$13.89,12095,$13.775,$13.91,$13.75
10/22/2019,$13.90,18578,$13.90,$14.02,$13.86
10/21/2019,$13.84,11670,$13.53,$13.84,$13.53
10/18/2019,$13.70,11218,$13.774,$13.79,$13.70
10/17/2019,$13.82,15967,$13.842,$13.842,$13.814
10/16/2019,$13.81,226357,$13.75,$13.82,$13.75
10/15/2019,$13.80,25319,$13.79,$13.88,$13.75
10/14/2019,$13.81,19898,$13.888,$13.89,$13.81
10/11/2019,$13.86,17925,$13.76,$13.90,$13.76
10/10/2019,$13.44,6155,$13.375,$13.44,$13.375
10/09/2019,$13.26,28490,$13.03,$13.45,$13.03
10/08/2019,$13.215,12344,$13.43,$13.43,$13.20
10/07/2019,$13.825,12497,$13.58,$13.96,$13.58
10/04/2019,$13.875,23483,$13.93,$13.93,$13.79
10/03/2019,$14.30,42341,$14.21,$14.30,$14.15
10/02/2019,$13.562,19481,$13.61,$13.615,$13.54
10/01/2019,$13.15,21960,$13.24,$13.24,$13.06
09/30/2019,$13.24,21311,$13.15,$13.37,$13.15
09/27/2019,$13.20,12550,$13.41,$13.48,$13.15
09/26/2019,$13.158,20027,$13.30,$13.30,$13.08
09/25/2019,$13.35,35354,$13.295,$13.37,$13.24
09/24/2019,$13.39,25398,$13.433,$13.52,$13.36
09/23/2019,$13.71,20004,$13.68,$13.72,$13.65
09/20/2019,$13.68,5816,$13.87,$13.87,$13.65
09/19/2019,$13.90,17452,$13.61,$13.96,$13.61
09/18/2019,$13.88,21923,$13.68,$13.925,$13.68
09/17/2019,$13.93,7928,$13.84,$13.97,$13.84
09/16/2019,$14.13,21700,$14.06,$14.25,$14.06
09/13/2019,$14.30,43185,$14.27,$14.40,$14.27
09/12/2019,$14.13,15804,$14.06,$14.215,$14.06
09/11/2019,$13.60,62428,$13.34,$13.62,$13.34
09/10/2019,$13.915,50568,$13.82,$13.99,$13.82
09/09/2019,$14.10,15575,$13.95,$14.10,$13.95
09/06/2019,$13.95,26550,$13.96,$13.98,$13.90
09/05/2019,$13.73,16742,$13.81,$13.82,$13.68
09/04/2019,$13.40,190097,$13.36,$13.40,$13.26
09/03/2019,$13.13,107913,$12.99,$13.19,$12.99
08/30/2019,$13.10,108106,$13.21,$13.24,$13.02
08/29/2019,$13.11,124992,$13.47,$13.47,$13.10
08/28/2019,$13.305,27599,$13.28,$13.425,$13.27
08/27/2019,$13.30,53882,$13.35,$13.40,$13.28
08/26/2019,$13.255,16811,$13.20,$13.35,$13.20
08/23/2019,$13.25,20441,$13.55,$13.63,$13.23
08/22/2019,$13.63,25829,$13.63,$13.73,$13.51
08/21/2019,$13.74,25997,$13.86,$13.86,$13.59
08/20/2019,$14.275,12663,$14.22,$14.39,$14.21
08/19/2019,$14.40,16878,$14.30,$14.474,$14.30
08/16/2019,$14.12,68312,$14.38,$14.38,$14.01
08/15/2019,$14.308,23518,$14.00,$14.40,$14.00
08/14/2019,$14.95,42888,$15.18,$15.205,$14.83
08/13/2019,$15.06,16534,$14.99,$15.29,$14.98
08/12/2019,$15.07,16548,$14.89,$15.11,$14.89
08/09/2019,$15.26,18937,$14.90,$15.44,$14.90
08/08/2019,$15.41,12344,$15.32,$15.41,$15.2025
08/07/2019,$15.17,26439,$14.91,$15.19,$14.90
08/06/2019,$15.02,15415,$14.79,$15.24,$14.79
08/05/2019,$14.505,37881,$15.065,$15.065,$14.45
08/02/2019,$15.00,22061,$15.30,$15.30,$14.88
08/01/2019,$15.264,36542,$15.50,$15.87,$15.26
07/31/2019,$16.21,24589,$16.60,$16.60,$16.00
07/30/2019,$16.155,14187,$15.90,$16.177,$15.90
07/29/2019,$16.19,17636,$16.02,$16.33,$16.02
07/26/2019,$16.3495,20363,$16.04,$16.3599,$16.04
07/25/2019,$16.50,9288,$16.47,$16.55,$16.47
07/24/2019,$16.42,5474,$16.136,$16.48,$16.01
07/23/2019,$16.48,14952,$16.42,$16.50,$16.42
07/22/2019,$16.40,14096,$16.60,$16.60,$16.40
07/19/2019,$16.535,9438,$16.73,$16.73,$16.50
07/18/2019,$16.85,29050,$16.74,$16.85,$16.74
07/17/2019,$16.635,199922,$16.58,$16.82,$16.58
07/16/2019,$16.424,12780,$16.76,$16.76,$16.41
07/15/2019,$16.365,107031,$16.40,$16.40,$16.00
07/12/2019,$15.93,12768,$16.095,$16.11,$15.63
07/11/2019,$15.21,20609,$15.23,$15.30,$15.10
07/10/2019,$15.31,25185,$15.49,$15.49,$15.14
07/09/2019,$15.32,18600,$15.258,$15.36,$15.258
07/08/2019,$15.48,16672,$15.71,$15.71,$15.47
07/05/2019,$15.96,9094,$16.105,$16.105,$15.74
07/03/2019,$15.64,7342,$15.48,$15.75,$15.48
07/02/2019,$15.97,15577,$15.75,$15.993,$15.75
07/01/2019,$15.83,10149,$15.73,$15.86,$15.70
06/28/2019,$15.48,17116,$15.45,$15.51,$15.45
06/27/2019,$15.45,10496,$15.23,$15.45,$15.23
06/26/2019,$15.23,9546,$15.00,$15.39,$15.00
06/25/2019,$14.93,52675,$15.04,$15.04,$14.80
06/24/2019,$15.10,14671,$15.05,$15.10,$15.03
06/21/2019,$15.01,80959,$15.05,$15.05,$14.76
06/20/2019,$15.58,25072,$15.43,$15.66,$15.36
06/19/2019,$15.46,14778,$15.24,$15.46,$15.23
06/18/2019,$15.04,25230,$14.85,$15.05,$14.67
06/17/2019,$14.65,20400,$14.72,$14.72,$14.60
06/14/2019,$14.60,87790,$14.77,$14.77,$14.50
06/13/2019,$15.036,11608,$15.04,$15.10,$15.00
06/12/2019,$15.16,13015,$15.25,$15.25,$15.08
06/11/2019,$15.22,30995,$15.235,$15.40,$15.15
06/10/2019,$14.80,26874,$14.93,$14.93,$14.51
06/07/2019,$14.50,25914,$14.48,$14.61,$14.48
06/06/2019,$14.47,11259,$14.08,$14.47,$14.08
06/05/2019,$14.16,14557,$14.00,$14.21,$14.00
06/04/2019,$13.75,36392,$13.555,$13.77,$13.555
06/03/2019,$14.00,13120,$13.93,$14.00,$13.88
05/31/2019,$14.00,31074,$14.00,$14.00,$13.85
05/30/2019,$14.35,34498,$14.50,$14.50,$14.27
05/29/2019,$14.41,31693,$14.29,$14.41,$14.20
05/28/2019,$14.40,25473,$14.60,$14.60,$14.36
05/24/2019,$14.99,22596,$14.975,$15.00,$14.92
05/23/2019,$14.99,27365,$15.13,$15.13,$14.71
05/22/2019,$15.47,126751,$15.375,$15.47,$15.375
05/21/2019,$15.675,43447,$15.74,$15.74,$15.31
05/20/2019,$15.15,24845,$15.24,$15.24,$14.83
05/17/2019,$15.985,10265,$16.04,$16.06,$15.985
05/16/2019,$16.38,12963,$16.08,$16.45,$16.08
05/15/2019,$16.51,19917,$16.29,$16.53,$16.29
05/14/2019,$16.00,32221,$16.09,$16.09,$15.80
05/13/2019,$16.306,22810,$16.35,$16.35,$16.20
05/10/2019,$16.73,28315,$16.35,$16.76,$16.35
05/09/2019,$16.335,36130,$15.98,$16.43,$15.98
05/08/2019,$16.84,47124,$16.63,$16.86,$16.49
05/07/2019,$17.32,42662,$17.68,$17.68,$17.20
05/06/2019,$17.685,15874,$17.40,$17.84,$17.40
05/03/2019,$18.43,6611,$18.40,$18.52,$18.40
05/02/2019,$18.28,12393,$18.60,$18.60,$18.27
05/01/2019,$18.54,11302,$18.54,$18.61,$18.51
04/30/2019,$18.49,23382,$18.525,$18.60,$18.45
04/29/2019,$18.3001,8640,$18.30,$18.34,$18.30
04/26/2019,$18.68,14055,$18.315,$18.77,$18.315
04/25/2019,$18.3999,26006,$18.755,$18.755,$18.32
04/24/2019,$18.68,23675,$18.82,$18.82,$18.59
04/23/2019,$18.505,13480,$18.12,$18.53,$18.12
04/22/2019,$18.53,16694,$18.67,$18.67,$18.53
04/18/2019,$18.575,34897,$18.40,$18.65,$18.40
04/17/2019,$18.18,12442,$18.12,$18.3062,$18.10
04/16/2019,$18.095,16159,$18.19,$18.19,$18.03
04/15/2019,$17.92,71250,$17.88,$18.13,$17.64
04/12/2019,$18.275,27111,$18.52,$18.52,$18.27
04/11/2019,$18.06,32440,$18.27,$18.27,$18.01
04/10/2019,$19.015,110022,$18.98,$19.04,$18.78
04/09/2019,$17.785,4315,$17.72,$17.87,$17.72
04/08/2019,$17.78,12746,$17.528,$17.79,$17.528
